lab_id,latitude,longitude,field_ref,ph,ec,n_pct ,oc_pct,ca,mg,k,p_ppm,fe,zn,mn,cu,cec
1A,-0.06601,34.81588,KS-1 0-30,5.83,0.10,0.11,1.48,1.49,4.43,0.62,4.6,41.82,1.28,128.0,1.11,7.7
2A,-0.03184,34.62037,KS-3 0-30,5.63,0.16,0.18,1.52,1.66,4.36,0.30,22.2,22.64,2.31,127.2,1.01,7.9
3A,-0.08733,34.61657,KS-4 0-30,6.5,0.14,0.20,1.73,4.37,4.60,0.80,3.8,105.7,2.11,130.4,0.84,12.3
4A,-0.07499,34.66307,KS-5 0-30,5.48,0.04,0.14,1.18,1.02,4.13,0.42,137.6,52.65,1.96,131.3,1.18,7.9
5A,-0.04002,34.67052,KS-6 0-30,5.47,0.09,0.21,1.68,2.21,3.60,0.72,16.2,18.2,1.25,95.5,0.84,8.1
6A,-0.05993,34.75884,KS-9 0-30,5.58,0.07,0.18,1.59,3.35,4.90,1.06,3.3,3.76,1.96,196.9,0.92,10.8
7A,-0.04165,34.75079,KS -10 0-30,5.44,0.08,0.26,2.30,1.89,2.50,0.94,2.5,11.24,2.15,166.9,0.67,6.9
7B,-0.04165,34.75079,KS-10 30-60,6.1,0.15,0.19,1.81,2.85,3.93,0.72,16.2,46.26,2.34,41.9,0.42,9.3
8A,-0.06242,34.79711,KS-11 0-30,5.69,0.10,0.20,1.29,1.72,2.54,0.42,5.5,12.8,1.38,74.8,0.92,6.6
9A,-0.0287,34.80057,KS-12 0-30,5.4,0.18,0.16,1.58,1.94,3.57,0.39,13.5,210.59,4.64,162.4,0.67,7.6
10A,-0.11266,34.9463,KS-13 0-30,5.5,0.22,0.24,1.96,3.12,4.69,0.96,4.3,35.13,1.55,92.2,1.60,10.3
10B,-0.11266,34.9463,KS-13 30-60,6.01,0.19,0.20,1.28,2.58,4.67,0.98,2.5,76.44,2.25,106.9,0.92,10.0
11A,-0.12115,34.97514,KS -14 0-30,6.24,0.14,0.16,1.35,4.48,4.95,0.91,106.5,73.91,2.14,147.2,1.18,11.9
12A,-0.05278,34.94984,KS -15 0-30,6.29,0.09,0.18,1.25,2.40,3.95,0.36,11.7,45.2,2.23,96.2,0.92,8.5
12B,-0.05278,34.94985,KS -1 30-60,6.44,0.10,0.17,1.14,2.65,4.69,0.41,4.2,50.1,2.47,61.4,1.01,9.2
13A,-0.05278,34.94985,KS-16 0-30,6.03,0.07,0.14,1.19,1.40,3.30,0.32,3.8,96.6,1.96,42.5,0.92,6.7
14A,-0.08731,35.12304,KS-18 0-30,5.8,0.08,0.22,1.85,2.33,4.72,0.75,3.2,112.04,2.01,117.6,1.26,9.0
15A,-0.06941,35.09231,KS-19 0-30,6.11,0.09,0.18,2.06,3.40,4.98,0.87,13.5,111.95,1.95,123.2,1.34,10.7
15B,-0.06941,35.09231,KS-19 30-60,6.06,0.01,0.22,2.21,3.65,4.96,0.71,11.4,104.31,2.41,129.1,0.76,11.2
16A,-0.0589,35.06307,KS-20 0-30,5.98,0.02,0.18,1.98,2.88,3.85,0.34,22.1,38.5,2.19,85.2,1.18,8.8
17A,-0.07645,35.20291,KS-22 0-30,5.66,0.13,0.35,2.98,3.99,5.15,0.28,16.5,23.45,1.95,110.2,0.84,11.0
18A,-0.20869,35.33502,KS-23 0-30,5.83,0.16,0.31,3.12,4.10,5.22,0.96,177.5,75.2,2.25,98.0,0.67,11.6
18B,-0.20869,35.33502,KS-23 30-60,6,0.13,0.24,2.86,3.88,5.18,0.78,163.2,62.5,1.57,79.1,0.96,11.4
19A,-0.18959,35.26768,KS-26 0-30,5.89,0.10,0.25,2.88,3.17,4.85,0.18,3.2,119.95,1.42,130.0,1.09,9.6
19B,-0.18959,35.26768,KS-26 30-60,5.57,0.13,0.27,2.59,3.12,4.87,0.45,2.7,100.69,1.68,116.4,1.09,10.1
20A,-0.12048,35.20208,KS-27 0-30,5.94,0.08,0.24,2.48,2.98,4.25,0.56,4.5,40.1,2.41,110.2,0.76,9.3
20B,-0.12048,35.20208,KS-27 30-60,4.96,0.17,0.24,2.20,3.95,4.93,0.51,82.7,39.2,2.35,104.8,1.34,10.9
21A,-0.16024,35.20704,KS-28 0-30,6.1,0.19,0.31,1.93,5.88,5.03,0.99,71.1,41.45,2.43,153.0,0.96,13.5
22A,-0.11526,35.1639,KS-29 0-30,5.75,0.06,0.24,2.77,3.04,4.79,0.73,6.0,59.57,2.12,64.0,0.72,9.8
22B,-0.11526,35.1639,KS-29 30-60,5.62,0.07,0.21,2.26,2.95,5.21,0.91,3.3,42.5,1.96,108.0,0.84,10.5
23A,-0.18769,35.14892,KS-30 0-30,5.2,0.07,0.22,2.85,1.25,3.58,0.56,1.5,37.9,2.29,83.3,0.76,7.0
23B,-0.18769,35.14892,KS-30 30-60,5.62,0.06,0.15,1.13,3.25,3.78,0.41,2.0,23.27,2.01,64.5,0.72,9.1
24A,-0.12292,35.11149,KS-31 0-30,6.68,0.16,0.20,1.64,4.97,5.02,0.89,69.6,20.59,2.50,101.3,1.01,12.7
24B,-0.12292,35.11149,KS-31 30-60,6.41,0.23,0.12,1.32,3.62,4.57,0.22,51.6,38.97,2.03,121.7,1.09,10.1
25A,-0.16216,35.08658,KS-32 0-30,5.37,0.09,0.10,2.10,1.84,4.46,0.41,2.0,11.4,2.69,127.2,0.67,8.3
26A,-0.15325,35.06112,KS-33 0-30,6.27,0.08,0.18,1.64,4.05,4.80,0.85,1.8,85.37,2.32,136.7,0.78,10.9
26B,-0.15325,35.06112,KS-33 0-60,6.02,0.19,0.14,1.42,3.64,4.88,0.87,2.7,22.12,2.11,110.9,0.76,11.0
27A,-0.24214,35.00245,KS-34 0-30,6.02,0.14,0.25,1.85,2.82,4.61,0.52,9.9,45.74,2.09,112.1,0.95,9.2
28A,-0.1998,35.02474,KS-35 0-30,5.76,0.13,0.32,2.94,2.75,4.68,1.07,2.5,83.97,2.09,100.7,0.77,9.9
30A,-0.15122,35.01967,KS-36 0-30,6.35,0.12,0.18,2.24,4.27,4.99,1.04,6.2,63.35,2.41,96.8,0.60,11.8
31A,-0.15124,35.01964,KS-37 0-30,6.1,0.16,0.29,3.01,3.07,3.88,1.08,13.9,54.91,2.82,113.9,0.60,9.7
32A,-0.29474,34.9717,KS-38 0-30,6.25,0.15,0.17,1.64,3.28,3.02,0.85,19.5,66.2,2.69,74.2,1.14,8.6
33A,-0.32948,34.99932,KS-39 0-30,6.22,0.11,0.12,1.02,0.50,4.44,0.39,15.5,152.87,2.50,81.0,0.92,6.8
34A,-0.31555,34.94131,KS-40 0-30,6.73,0.16,0.18,1.42,2.83,4.45,0.64,8.9,29.06,2.79,63.5,0.87,10.9
35A,-0.34995,34.93834,KS-41 0-30,6.52,0.12,0.15,1.36,2.85,3.52,0.95,19.4,42.2,2.29,75.4,1.08,8.7
36A,-0.32933,34.89861,KS-42 0-30,6.33,0.10,0.25,2.66,2.05,3.96,0.79,29.9,74.3,2.66,60.4,0.67,8.7
37A,-0.33237,34.8429,KS-43 0-30,6.46,0.17,0.24,1.83,2.61,4.63,0.47,44.6,13.4,2.51,89.7,0.47,9.2
38A,-0.33872,34.80116,KS-44 0-30,6.35,0.12,0.25,2.98,1.96,3.25,0.35,32.8,45.6,2.68,75.2,0.62,7.1
39A,-0.20717,34.84539,KS-46 0-30,6.24,0.16,0.22,2.86,3.25,4.25,0.45,52.8,45.2,2.69,62.8,0.74,9.4
40A,-0.23189,34.84789,KS-47 0-30,5.89,0.13,0.28,1.95,2.66,4.96,0.62,20.4,221.99,2.87,218.9,1.08,11.1
40B,-0.23189,34.84789,KS-47 30-60,5.87,0.13,0.24,1.21,2.98,4.90,0.73,17.9,125.5,2.35,106.0,0.94,14.8
41A,-0.20752,34.87637,KS-50 0-30,7.03,0.25,0.32,2.36,4.12,5.06,1.44,200.4,158.17,1.95,110.6,0.67,13.4
42A,-0.13526,34.88951,KS-51 0-30,5.55,0.11,0.24,2.49,3.42,4.95,0.83,10.2,76.52,2.20,72.1,0.74,15.5
42B,-0.13526,34.88951,KS-51 30-60,6.06,0.11,0.17,1.72,4.10,4.93,0.66,6.8,62.06,1.62,68.4,0.94,12.5
43A,-0.199,34.85299,KS-52 0-30,5.99,0.16,0.15,1.65,5.71,5.11,1.37,198.2,24.93,2.08,103.2,0.67,15.7
44A,-0.17418,34.83467,KS-53 0-30,6.23,0.22,0.22,2.16,2.19,3.82,0.92,71.8,62.8,2.36,127.6,0.87,10.1
45A,-0.12034,34.77833,KS-56 0-30,6.46,0.21,0.28,2.85,4.61,4.76,0.76,124.4,107.84,2.15,76.9,2.08,14.1
45B,-0.12034,34.77833,KS-56 30-60,6.85,0.20,0.27,2.36,3.64,4.65,0.57,20.4,151.8,2.40,80.1,0.47,10.7
46A,-0.1206,34.76641,KS-57 0-30,6.04,0.11,0.31,2.57,3.25,4.49,0.62,36.4,75.2,1.90,36.8,0.74,10.8
47A,-0.08737,34.79566,KS-58 0-30,5.78,0.13,0.25,1.42,1.95,3.95,0.73,40.9,30.65,2.02,53.9,0.60,8.6
48A,-0.07338,34.83275,KS-59 0-30,6.64,0.13,0.24,1.36,3.28,4.73,1.18,163.1,31.99,1.59,63.8,0.67,10.7
49A,-0.03452,34.83495,KS-60 0-30,5.93,0.08,0.21,2.14,2.28,4.46,0.28,2.2,71.32,1.61,71.1,0.74,8.2
49B,-0.03452,34.83495,KS-60 30-60,6.31,0.06,0.20,1.68,1.64,3.25,0.44,9.6,55.8,1.53,80.4,0.67,7.0
50A,-0.40335,34.99265,KS-61 0-30,6.52,0.09,0.21,2.08,1.72,3.84,0.42,7.5,64.1,1.69,98.1,2.89,7.2
51A,-0.40617,34.9461,KS-62 0-30,5.32,0.11,0.21,1.69,0.75,3.91,0.69,3.8,25.94,1.51,98.5,1.34,6.7
52A,-0.08009,34.44964,KS-63 0-30,5.49,0.10,0.25,2.10,2.51,4.34,0.26,1.3,23.06,1.62,104.0,1.14,8.9
53A,-0.11729,34.4484,KS-64 0-30,6.03,0.07,0.18,1.76,1.00,3.22,0.41,17.9,38.48,1.49,62.8,0.67,6.6
54A,-0.15058,34.44355,KS-65 0-30,5.98,0.06,0.18,0.78,1.26,3.63,0.22,5.8,37.93,1.40,73.7,0.67,7.1
55A,-0.11251,34.4888,KS-68 0-30,6.49,0.09,0.20,1.27,1.92,3.67,0.46,6.5,30.22,1.47,115.1,1.01,8.1
56A,-0.07283,34.53159,KS-69 0-30,5.27,0.13,0.17,1.15,1.37,4.51,0.53,2.3,84.5,2.05,75.6,0.67,8.0
57A,-0.21013,34.95439,KS-70 0-30,6.02,0.22,0.24,1.01,3.35,4.69,0.78,17.9,119.89,1.69,99.4,0.87,10.4
58A,-0.1723,34.91371,KS-71 0-30,6.08,0.18,0.38,1.75,3.79,4.94,0.89,43.1,35.57,1.62,90.1,2.42,11.0
59A,-0.0924,34.58397,KS-72 0-30,5.83,0.07,0.17,1.88,1.64,3.89,0.34,10.4,7.24,1.54,33.2,0.67,7.6
59B,-0.0924,34.58397,KS-72 30-60,5.62,0.06,0.14,1.15,1.74,4.47,0.22,6.5,3.26,1.46,23.9,0.87,8.1
60A,-0.11669,34.5575,KS-73 0-30,5.59,0.20,0.15,0.97,0.93,4.13,0.51,20.0,81.83,1.73,63.4,0.94,8.4
61A,-0.0667,35.1347,KS-74 0-30,6.01,0.11,0.24,2.05,3.97,4.77,1.01,64.5,105.67,2.18,92.3,0.54,14.0
62A,-0.03679,35.20363,KS-75 0-30,5.81,0.07,0.29,2.94,1.83,3.51,0.95,2.7,115.28,2.29,81.1,1.01,9.9
62B,-0.03679,35.20363,KS-75 30-60,6.06,0.06,0.26,2.53,1.90,3.99,0.34,7.2,111.98,2.83,41.4,1.21,8.1
63A,-0.1274,34.84158,KS-76 0-30,5.94,0.09,0.15,2.08,3.34,4.55,0.65,4.3,78.9,2.25,37.6,0.85,10.1
64A,-0.11012,34.62682,KS-77 0-30,6.38,0.23,0.22,2.25,3.62,5.13,0.42,24.2,110.2,3.45,223.0,0.73,11.1
65A,-0.07851,34.97995,KS-79 0-30,6.14,0.09,0.27,1.36,3.46,4.73,0.62,18.4,54.12,2.32,72.8,1.25,10.5
66A,-0.06667,34.9962,KS-80 0-30,6.17,0.18,0.36,2.79,4.59,5.09,1.03,63.5,92.01,2.06,113.2,0.96,12.3
67A,-0.05482,35.01244,KS-81 0-30,6.27,0.15,0.32,2.98,3.53,4.77,0.55,4.5,89.05,1.97,88.0,0.72,10.4
68A,-0.06267,35.12339,KS-82 0-30,6.88,0.09,0.27,1.17,3.03,4.89,0.81,60.6,60.55,1.35,57.4,0.88,10.3
68B,-0.06267,35.12339,KS-82 30-60,6.1,0.18,0.21,1.09,2.35,4.86,0.56,46.3,54.67,1.74,55.8,0.64,9.5
69A,-0.12539,35.12056,KS-83 0-30,5.69,0.09,0.27,3.12,3.80,4.91,0.92,19.9,60.93,1.89,68.4,0.73,11.3
70A,-0.1881,35.11772,KS-84 0-30,5.58,0.13,0.21,1.87,1.23,4.48,0.90,4.5,16.47,2.62,160.3,0.64,7.9
71A,-0.18797,35.18,KS-85 0-30,5.42,0.08,0.16,1.72,1.26,4.61,0.92,5.6,0.92,1.42,144.2,1.25,8.7
71B,-0.18797,35.18,KS-85 30-60,5.32,0.02,0.12,1.01,1.14,3.32,0.44,4.7,41.24,1.28,87.6,0.62,6.3
72A,-0.08598,35.02499,KS-100 0-30,5.97,0.11,0.28,2.29,3.43,4.61,0.61,5.6,146.1,1.58,160.6,0.73,10.2
72B,-0.08598,35.02499,KS-100 30-60,5.86,0.13,0.22,2.08,3.41,4.69,0.64,2.3,106.91,1.24,136.2,0.76,10.4
73A,-0.05012,35.21541,KS-101 0-30,6.28,0.39,0.41,2.34,4.10,5.14,1.00,106.5,95.38,1.90,234.7,1.12,12.0
